id,name,contact,address
stf001,John Doe,1234567890,Mumbai
stf002,Jane Smith,9876543210,Delhi
stf003,Michael Johnson,5551234567,Bangalore
stf004,Emily Davis,1112223333,Hyderabad
stf005,Chris Wilson,4445556666,Chennai
stf006,Sarah Brown,7778889999,Kolkata
stf007,David Miller,2223334444,Ahmedabad
stf008,Amy Taylor,6667778888,Pune
stf009,Brian White,9990001111,Jaipur
stf010,Lisa Anderson,3334445555,Lucknow
stf011,Mark Turner,8889990000,Kanpur
stf012,Julia Garcia,4567890123,Nagpur
stf013,Kevin Brown,3216549876,Indore
stf014,Anna Martinez,7890123456,Thane
stf015,Robert Johnson,2345678901,Bhopal
stf016,Megan Davis,5678901234,Visakhapatnam
stf017,James Wilson,1232345678,Pimpri-Chinchwad
stf018,Amanda White,3456789012,Patna
stf019,Matthew Smith,6789012345,Vadodara
stf020,Olivia Taylor,9012345678,Ghaziabad
stf021,Christopher Lee,3456789123,Ludhiana
stf022,Emma Walker,5678912345,Agra
stf023,Brandon Clark,7891234567,Faridabad
stf024,Sophia Turner,2345678901,Meerut
stf025,Michaela Brown,4567890123,Rajkot
stf026,Daniel Davis,6789012345,Srinagar
stf027,Grace Wilson,8901234567,Dhanbad
stf028,Justin White,1234567890,Amritsar
stf029,Ella Martinez,3456789012,Allahabad
stf030,Andrew Johnson,5678901234,Jabalpur
stf031,Chloe Smith,7890123456,Madurai
stf032,Ryan Taylor,0123456789,Raipur
stf033,Isabella Wilson,2345678901,Kota
stf034,Jeffrey Clark,4567890123,Chandigarh
stf035,Natalie Turner,6789012345,Jodhpur
stf036,Jeremy Davis,8901234567,Guwahati
stf037,Lily Brown,1234567890,Solapur
stf038,Carlos Smith,3456789012,Durgapur
stf039,Kylie Martinez,5678901234,Belgaum
stf040,Tyler Johnson,7890123456,Salem
stf041,Abigail Taylor,0123456789,Trichy
stf042,Dylan White,2345678901,Karnal
stf043,Samantha Wilson,4567890123,Jalandhar
stf044,Aiden Turner,6789012345,Jammu
stf045,Sophie Davis,8901234567,Agartala
stf046,Logan Brown,1234567890,Ujjain
stf047,Evelyn Smith,3456789012,Rourkela
stf048,Jackson Martinez,5678901234,Bilaspur
stf049,Harper Johnson,7890123456,Shimla
stf050,Owen Taylor,0123456789,Nellore
stf051,Addison Wilson,2345678901,Mangalore
stf052,Nathan Clark,4567890123,Gaya
stf053,Zoe Turner,6789012345,Tirunelveli
stf054,Liam Davis,8901234567,Gulbarga
stf055,Ava Brown,1234567890,Dehradun
stf056,Cooper Smith,3456789012,Dhule
stf057,Emily Martinez,5678901234,Bhagalpur
stf058,Ethan Johnson,7890123456,Kollam
stf059,Charlotte Taylor,0123456789,Kurnool
stf060,Mason Wilson,2345678901,Udaipur
stf061,Scarlett Clark,4567890123,Tumkur
stf062,Jack Turner,6789012345,Yamunanagar
stf063,Hannah Davis,8901234567,Tiruppur
stf064,David Smith,1234567890,Ambala
stf065,Leah Martinez,3456789012,Bhatpara
stf066,Connor Johnson,5678901234,Amravati
stf067,Lillian Taylor,7890123456,Bardhaman
stf068,Gavin Wilson,0123456789,Bhiwani
stf069,Isaac Clark,2345678901,Bhusawal
stf070,Avery Turner,4567890123,Bongaigaon
stf071,Ella Davis,6789012345,Bulandshahr
stf072,Brayden Smith,8901234567,Darbhanga
stf073,Mia Martinez,1234567890,Eluru
stf074,Caleb Johnson,3456789012,Gandhinagar
stf075,Sofia Taylor,5678901234,Giridih
stf076,Lucas Wilson,7890123456,Haldia
stf077,Evelyn Clark,0123456789,Hazaribagh
stf078,Aiden Turner,2345678901,Jalna
stf079,Aria Davis,4567890123,Jhansi
stf080,Nolan Smith,6789012345,Kamarhati
stf081,Audrey Martinez,8901234567,Kancheepuram
stf082,Landon Johnson,1234567890,Karnal
stf083,Aaliyah Taylor,3456789012,Kollam
stf084,Grayson Wilson,5678901234,Latur
stf085,Sophie Clark,7890123456,Machilipatnam
stf086,Oliver Turner,0123456789,Munger
stf087,Amelia Davis,2345678901,Muzaffarpur
stf088,Logan Smith,4567890123,Nadiad
stf089,Lily Johnson,6789012345,Pathankot
stf090,Mason Taylor,8901234567,Purnia
stf091,Zoe Wilson,1234567890,Ratlam
stf092,Liam Clark,3456789012,Rewa
stf093,Emma Turner,5678901234,Saharsa
stf094,Jackson Davis,7890123456,Sambalpur
stf095,Ava Smith,0123456789,Shimla
stf096,Olivia Johnson,2345678901,Sikar
stf097,Noah Taylor,4567890123,Sitapur
stf098,Isabella Wilson,6789012345,Thanjavur
stf099,William Turner,8901234567,Thoothukudi
stf100,Sophia Clark,1234567890,Tirupati
stf101,Lucas Davis,3456789012,Trivandrum
stf102,Emma Smith,5678901234,Ujjain
stf103,Liam Wilson,7890123456,Vellore
stf104,Ava Turner,0123456789,Vijayanagaram
stf105,Oliver Martinez,2345678901,Vizianagaram
stf106,Amelia Johnson,4567890123,Warangal
stf107,Jackson Davis,6789012345,Yamunanagar
stf108,Emily Clark,8901234567,Bilaspur
stf109,Mia Smith,1234567890,Shimla
stf110,Caleb Wilson,3456789012,Ambala
stf111,Sofia Turner,5678901234,Dhule
stf112,Lucas Martinez,7890123456,Nagpur
stf113,Evelyn Johnson,0123456789,Sangli
stf114,Aiden Davis,2345678901,Mangalore
stf115,Aria Smith,4567890123,Kanpur
stf116,Nolan Turner,6789012345,Patna
stf117,Audrey Clark,8901234567,Noida
stf118,Landon Smith,1234567890,Lucknow
stf119,Aaliyah Turner,3456789012,Agra
stf120,Grayson Davis,5678901234,Kolkata
stf121,Sophie Smith,7890123456,Bangalore
stf122,Oliver Wilson,0123456789,Hyderabad
stf123,Amelia Turner,2345678901,Chennai
stf124,Logan Martinez,4567890123,Mumbai
stf125,Lily Johnson,6789012345,Delhi
stf126,Mason Davis,8901234567,Pune
stf127,Zoe Smith,1234567890,Ahmedabad
stf128,Liam Turner,3456789012,Jaipur
stf129,Emma Davis,5678901234,Lucknow
stf130,Jack Smith,7890123456,Kanpur
stf131,Hannah Turner,0123456789,Indore
stf132,David Davis,2345678901,Thane
stf133,Leah Smith,4567890123,Bhopal
stf134,Connor Turner,6789012345,Visakhapatnam
stf135,Lillian Davis,8901234567,Pimpri-Chinchwad
stf136,Gavin Smith,1234567890,Patna
stf137,Isaac Turner,3456789012,Vadodara
stf138,Avery Davis,5678901234,Ghaziabad
stf139,Ella Smith,7890123456,Ludhiana
stf140,Brayden Turner,0123456789,Agra
stf141,Aria Davis,2345678901,Faridabad
stf142,Noah Smith,4567890123,Meerut
stf143,Sofia Turner,6789012345,Rajkot
stf144,Lucas Davis,8901234567,Srinagar
stf145,Evelyn Smith,1234567890,Dhanbad
stf146,Aiden Turner,3456789012,Amritsar
stf147,Ava Davis,5678901234,Allahabad
stf148,Oliver Smith,7890123456,Jabalpur
stf149,Amelia Turner,0123456789,Madurai
stf150,Logan Davis,2345678901,Raipur
